ZPID,Address,City,State,Price,Monthly Rent,Monthly Tax,Monthly Cash Flow,ROI %,MLS ID
109559003,"2675 E Mission Dr, Williams, AZ 86046","Williams",AZ,11500,1750,2,1543,1609.89,203799
220800464,"5680 N Gerstler Pl, Pahrump, NV 89060","Pahrump",NV,12500,1876,6,1659,1592.86,2770438
250717051,"27394 2nd Ave, Handley, WV 25102","Handley",WV,6500,915,42,692,1277.12,281858
191769864,"2533 Epidote Rd, Golden Valley, AZ 86413","Golden Valley",AZ,10500,1178,3,974,1113.65,038109
45130513,"2800 W Kevin Road, Avon Park, FL 33825","Avon Park",FL,16900,1654,9,1413,1003.3,B26012927
103220726,"604 Eisenhower Blvd, Lehigh Acres, FL 33974","Lehigh Acres",FL,17900,1758,37,1485,995.33,2026015533
459767122,"5519 Kennedy Ave, White Hall, AR 71602","White Hall",AR,10000,918,9,711,853.02,26002222
115718143,"706 E Park St, Du Quoin, IL 62832","Du Quoin",IL,13250,1189,67,908,822.05,12587101
2080488232,"0 N Essco St, Kingman, AZ 86409","Kingman",AZ,14000,1174,5,952,815.64,037968
225404097,"114 Walls St, Hartsel, CO 80449","Hartsel",CO,22400,1793,23,1512,810.06,S1068137
192076114,"694 Gillespie Rd, Chattanooga, TN 37411","Chattanooga",TN,20000,1438,3,1189,713.12,1532263
192076115,"696 Gillespie Rd, Chattanooga, TN 37411","Chattanooga",TN,20000,1438,3,1189,713.12,1532264
210665258,"1194 US - Hwy 12 #55, Montesano, WA 98563","Montesano",WA,25000,1679,9,1400,671.76,2498151
447131979,"1102 S 4th Ave, Hettinger, ND 58639","Hettinger",ND,45900,2733,39,2322,607.12,26-65
46697279,"537 SW 5th Street, Belle Glade, FL 33430","Belle Glade",FL,29000,1733,40,1403,580.68,B26012282
2054393409,"5891 Hazel Way #18, Paradise, CA 95969","Paradise",CA,26000,1428,24,1128,520.77,SN26073033
181953771,"4902 Sandpiper Ln, Zephyrhills, FL 33541","Zephyrhills",FL,29900,1590,43,1252,502.65,11641128
2128531379,"2251 NE 19th Ave Lot 55, Ocala, FL 34470","Ocala",FL,32900,1708,44,1355,494.09,11658838
2101319246,"7499 46th Ave N Lot 7, Saint Petersburg, FL 33709","Saint Petersburg",FL,34900,1731,53,1360,467.53,11220039
98437841,"6775 W Stoney Gap Ct, Crystal River, FL 34429","Crystal River",FL,26900,1310,17,1013,452.08,853763
112371545,"55688 N Latigo Rd, Seligman, AZ 86337","Seligman",AZ,38000,1754,4,1416,447.25,1080903
220792465,"3171 N Florenza St, Pahrump, NV 89060","Pahrump",NV,42500,1922,20,1547,436.67,2770050
346181410,"15175 Stringfellow Rd #38, Bokeelia, FL 33922","Bokeelia",FL,24900,1196,29,897,432.12,11641706
9006659,"6211 Foster Dr, Morrisville, PA 19067","Morrisville",PA,59900,2588,32,2117,424.07,PABU2117232
2053711691,"159 Redwood Rd #75, Whitethorn, CA 95589","Whitethorn",CA,39000,1729,35,1355,416.97,SR26073542
172165993,"3203 Bay Oaks Dr, Sarasota, FL 34234","Sarasota",FL,49900,2123,53,1679,403.79,11678882
249836028,"2201 S State Highway 5 Trailer 170, McKinney, TX 75069","McKinney",TX,45995,1949,52,1525,397.8,11637500
2103759460,"0 Davidson Rd, Olive Branch, MS 38654","Olive Branch",MS,30000,1301,14,992,396.82,4143298
66152585,"4434 CONNECTION AVE, Cape Coral, FL 33909","Cape Coral",FL,45900,1957,87,1498,391.6,226014847
2069256090,"10th Street LOT 1, 2, 3, Jasper, CO 81144","Jasper",CO,29500,1268,10,952,387.41,6934858
457506520,"5 Edgewood Dr, Youngsville, PA 16371","Youngsville",PA,30000,1270,35,940,376.12,14144
51391568,"2271 Soda Lake Cir, Shreveport, LA 71107","Shreveport",LA,19000,852,22,588,371.42,21150006
116386581,"306 W 3rd St, Cisco, TX 76437","Cisco",TX,35000,1426,35,1072,367.61,21163014
46351495,"17783 Bonifay Ln, Spring Hill, FL 34610","Spring Hill",FL,57000,2173,32,1715,361.12,W7884466
2054439422,"14 Don Quixote Lane, Pt Saint Lucie, FL 34952","Pt Saint Lucie",FL,49885,1938,90,1457,350.53,R11151846
2062656698,"12 Shoreland Dr #12, Fort Myers, FL 33905","Fort Myers",FL,49800,1892,58,1443,347.78,11677891
29891465,"221 Steele St, Jamestown, NY 14701","Jamestown",NY,44900,1631,32,1232,329.32,R1664745
307945987,"Old Indian Rd, Brodnax, VA 23920","Brodnax",VA,39900,1420,5,1072,322.37,141941
300328287,"6601 Eucalyptus Dr Spc 196, Bakersfield, CA 93306","Bakersfield",CA,45000,1586,47,1172,312.46,202601743
181957472,"5720 Blue Harbor Dr, New port richey, FL 34653","New port richey",FL,44900,1540,65,1108,296.22,11511417
36452457,"2528 E Oliver St, Baltimore, MD 21213","Baltimore",MD,50000,1664,57,1215,291.7,MDBA2194320
14429388,"3466 Blazing Pine Path #A, Decatur, GA 30034","Decatur",GA,39900,1540,97,965,290.36,10704746
17483932,"82962 Panamint Ave, Trona, CA 93562","Trona",CA,39000,1301,32,931,286.4,219143978DA
2102686101,"25 Duchess Creek Dr, Porum, OK 74455","Porum",OK,33000,1112,16,786,285.94,2612267
2055720118,"0 Big Foot Wallace Trl, Livingston, TX 77351","Livingston",TX,29900,1019,26,699,280.39,36291113
87191175,"602 5th St, Brownwood, TX 76801","Brownwood",TX,69500,2224,119,1619,279.57,21170151
224585136,"218 S Central Ave, Lacona, IA 50139","Lacona",IA,32500,1071,18,746,275.32,695599
2102686111,"22 Duchess Creek Dr, Porum, OK 74455","Porum",OK,35000,1111,17,775,265.61,2612004
13262501,"900 Mountain View Ave #216, Longmont, CO 80501","Longmont",CO,69900,2009,5,1517,260.38,6794
5163729,"2010 W Malone Ave, Peoria, IL 61605","Peoria",IL,42000,1328,76,899,256.99,PA1263804
460452651,"9144 General Puller Hwy, Topping, VA 23169","Topping",VA,114900,3214,54,2455,256.42,2609819
460326718,"1524 4th Avenue, Monte Vista, CO 81144","Monte Vista",CO,43500,1289,15,914,252.13,7762197
198396860,"2500 W Route 66 Lot 88, Flagstaff, AZ 86001","Flagstaff",AZ,79000,2204,29,1643,249.62,203989
76204128,"1509 S Walnut St, Pine Bluff, AR 71601","Pine Bluff",AR,26000,841,25,541,249.54,26002246
2102686903,"13 Duchess Creek Dr, Porum, OK 74455","Porum",OK,37000,1111,18,764,247.8,2612455
2067845094,"30 Ridgewood Road, Sparta, NC 28675","Sparta",NC,37500,1182,19,757,242.26,260933
241503373,"4301 Blake Rd SW Trailer 40, Albuquerque, NM 87121","Albuquerque",NM,55000,1528,39,1073,234.08,1100923
306830795,"205 Lost Valley Drive, Creede, CO 81130","Creede",CO,60000,1663,26,1164,232.9,4544473
2100276316,"293 Arizona Rd, Ash Fork, AZ 86320","Ash Fork",AZ,60000,1612,19,1153,230.62,1080637
2056813020,"5057 Lake Shore Rd #7, Hamburg, NY 14075","Hamburg",NY,59500,1670,91,1142,230.28,B1656305
36520860,"324 S Woodyear St, Baltimore, MD 21223","Baltimore",MD,60000,1674,85,1150,229.91,MDBA2184700
78819499,"1005 Cove Dr, West Tawakoni, TX 75474","West Tawakoni",TX,60000,1691,117,1134,226.85,21217401
241502402,"9000 Zuni Rd SE Unit W55, Albuquerque, NM 87123","Albuquerque",NM,45000,1228,32,828,220.89,1101386
4131695,"10106 S Union Ave, Chicago, IL 60628","Chicago",IL,76500,1961,38,1403,220.06,12549764
235402375,"492 Circle Drive, Pagosa Springs, CO 81147","Pagosa Springs",CO,65000,1677,34,1179,217.72,833226
4981881,"2006 Illinois Ave, Granite City, IL 62040","Granite City",IL,41500,1123,24,749,216.51,26015904
143344009,"9220 Main St, Westernville, NY 13486","Westernville",NY,99900,2657,237,1787,214.64,S1653216
17483491,"13759 Cedar St, Trona, CA 93562","Trona",CA,79900,2027,100,1391,208.85,2607986
2112276708,"16 Duchess Creek Dr, Porum, OK 74455","Porum",OK,42000,1100,21,726,207.55,2612413
347997721,"101 Hondo St, Pioneertown, CA 92268","Pioneertown",CA,75000,1862,71,1279,204.64,219146209PS
60301808,"509 N State Highway 359, Mathis, TX 78368","Mathis",TX,55000,1364,18,930,203.01,1741907
191711700,"620 SE 2nd Ave Unit 44, Canby, OR 97013","Canby",OR,59950,1485,41,1004,200.95,11661280
449635984,"1200 Artesian Rd Trailer 10, Eagle, ID 83616","Eagle",ID,94900,2230,34,1587,200.74,98974706
36554826,"1631 Ceddox St, Baltimore, MD 21226","Baltimore",MD,59900,1459,26,994,199.14,MDBA2206368
106855421,"12 E Main St, Madelia, MN 56062","Madelia",MN,79900,1941,82,1323,198.64,7038852
90294329,"933 County Road 118, Burnet, TX 78611","Burnet",TX,52500,1292,31,854,195.1,609626
42171025,"2149 Wabash Ave, Memphis, TN 38114","Memphis",TN,39900,1015,33,639,192.3,10211787
2070850463,"615 W Main St, Mitchell, IN 47446","Mitchell",IN,55000,1316,28,873,190.42,202606454
216471617,"205 Barker St, Athens, TX 75751","Athens",TX,55000,1317,30,872,190.16,26000536
192075145,"1018 Shallowford Rd, Chattanooga, TN 37411","Chattanooga",TN,50000,1184,16,776,186.26,1532262
33403881,"1449 Clearaire Rd, Cleveland, OH 44110","Cleveland",OH,60000,1428,60,928,185.68,226010193
102146876,"475 E Court St, Marion, NC 28752","Marion",NC,74900,1681,11,1158,185.47,4356131
233504989,"140 S Main St, Carsonville, MI 48419","Carsonville",MI,55000,1338,80,843,183.86,25055148
88557499,"19140 Algonac St, Detroit, MI 48234","Detroit",MI,54000,1268,49,808,179.65,20251055097
2102686110,"17 Duchess Creek Dr, Porum, OK 74455","Porum",OK,48000,1110,24,704,176.12,2612409
76345640,"132 Madison St, Macon, GA 31201","Macon",GA,72000,1565,24,1043,173.87,10615439
242751150,"2958 Mountain View Road #F, Silverdale, WA 98383","Silverdale",WA,109500,2249,3,1567,171.75,2483982
3064293,"3103 Woodside Dr, Jackson, MS 39212","Jackson",MS,55000,1248,49,784,170.96,4137500
60861429,"9111 66th Avenue NW #101, Gig Harbor, WA 98332","Gig Harbor",WA,89950,1863,0,1278,170.49,2468060
113258846,"1009 Brighton Jones Blvd, Gilchrist, TX 77650","Gilchrist",TX,97500,2013,42,1350,166.17,49618840
2082880684,"20 Duchess Creek Dr, Porum, OK 74455","Porum",OK,45000,1006,22,616,164.39,2612045
73647338,"2139 Duncan St, Louisville, KY 40212","Louisville",KY,47500,1066,39,647,163.46,26005051
30342677,"5057 Lake Shore Rd, Hamburg, NY 14075","Hamburg",NY,59500,1466,221,808,162.86,B1656305
106076904,"215 W Nezpique St, Jennings, LA 70546","Jennings",LA,89900,1845,45,1216,162.31,SWL25002463
42132346,"768 Ayers St, Memphis, TN 38107","Memphis",TN,56500,1217,37,757,160.76,10208547
90245368,"305 Lakeview Ave, Palestine, TX 75801","Palestine",TX,65000,1425,96,865,159.63,102994
344633524,"152 quest LOT 3, Spring Branch, TX 78070","Spring Branch",TX,90000,1897,87,1194,159.22,1880736
86130585,"314 W 12th St, Wewoka, OK 74884","Wewoka",OK,40000,947,74,530,158.86,1215239
53323653,"612 Manchester, Merkel, TX 79536","Merkel",TX,79900,1666,73,1057,158.82,21174513
233556703,"104 W Peterson Street, Edenton, NC 27932","Edenton",NC,60000,1298,64,794,158.74,100513549
2072690239,"31755 Gambel Ln E, Davenport, WA 99122","Davenport",WA,79900,1631,40,1055,158.45,202615007
2058082956,"0 Yarbrough Drive, Orondo, WA 98843","Orondo",WA,89900,1816,59,1165,155.57,2503033
4248969,"14826 Robey Ave, Harvey, IL 60426","Harvey",IL,90000,2183,437,1161,154.77,12480288
3046753,"1346 Fernwood Dr, Jackson, MS 39213","Jackson",MS,60000,1296,84,773,154.52,4140856
88669188,"13150 Glenfield St, Detroit, MI 48213","Detroit",MI,59300,1253,65,751,152.04,20251059198
54450786,"2764 Shell Bark Rd, Decatur, GA 30035","Decatur",GA,79000,1712,187,994,150.92,10716264
343948909,"0 Parkburg Rd Lot 11, Pinson, TN 38366","Pinson",TN,47000,988,20,591,150.78,240953
343949303,"0 Parkburg Rd Lot 10, Pinson, TN 38366","Pinson",TN,47000,988,20,591,150.78,240947
343949727,"0 Parkburg Rd Lot 12, Pinson, TN 38366","Pinson",TN,47000,988,20,591,150.78,240956
2067845005,"42 Ridgewood Road, Sparta, NC 28675","Sparta",NC,37500,896,19,471,150.74,260939
2067845008,"41 Ridgewood Road, Sparta, NC 28675","Sparta",NC,37500,895,19,470,150.42,260936
2067845095,"38 Ridgewood Road, Sparta, NC 28675","Sparta",NC,37500,895,19,470,150.42,260934
88165922,"18954 Beland St, Detroit, MI 48234","Detroit",MI,59900,1230,44,746,149.5,20261019333
247564223,"42 Greenbriar Ave, Burneyville, OK 73430","Burneyville",OK,119000,2673,188,1478,149.04,2607252
2064459952,"4729 Wild Plum Ct #112, Memphis, TN 38118","Memphis",TN,60000,1233,48,745,149.02,10216089
93971128,"203 1st St NE, Rake, IA 50465","Rake",IA,39900,860,25,492,148.09,260201
210220230,"1881 Kitchens Rd, Macon, GA 31211","Macon",GA,52900,1087,38,644,146.07,260749
85715679,"2 N Pearl St, Knox, IN 46534","Knox",IN,69000,1507,186,837,145.62,834186
109470806,"1207 Highland Ave, Selma, AL 36703","Selma",AL,47500,1016,62,575,145.23,585708
88743380,"20255 Santa Rosa Dr, Detroit, MI 48221","Detroit",MI,55000,1151,72,664,144.82,20261023708
52953607,"103 SW 3rd St, Webster, FL 33597","Webster",FL,55000,1140,63,661,144.26,TB8469787
118591467,"3026 Hilltop Rd, Granbury, TX 76048","Granbury",TX,119900,2275,105,1433,143.38,21184130
2085658676,"5790 Scottdale Rd, Saint Joseph, MI 49085","Saint Joseph",MI,74900,1470,69,889,142.51,26014000
93880171,"100 N 6th St, Patterson, IA 50218","Patterson",IA,90000,1852,202,1065,141.98,732941
946172,"3664 43rd Ave N, Birmingham, AL 35207","Birmingham",AL,65000,1269,40,765,141.26,21443948
26224157,"1315 ALAMETOS, San Antonio, TX 78201","San Antonio",TX,165000,3580,693,1940,141.07,1820609
51333374,"200 E Herndon St, Shreveport, LA 71101","Shreveport",LA,67500,1305,42,787,139.96,20294293
77954912,"2009 North St, Gulfport, MS 39507","Gulfport",MS,95000,1790,79,1102,139.21,4128653
338170051,"2020 Trinity Pines Dr, Hayfork, CA 96041","Hayfork",CA,69000,1375,93,798,138.85,2112312
102617232,"887 1st Avenue S, Okanogan, WA 98840","Okanogan",WA,89000,1673,68,1025,138.17,2477545
88188680,"18712 Waltham St, Detroit, MI 48205","Detroit",MI,65000,1250,48,738,136.32,20261017457
94587501,"8921 S Main St, Ora, IN 46968","Ora",IN,64000,1252,71,721,135.25,834189
2056820209,"861X Copper Sunset Trl, Mayer, AZ 86333","Mayer",AZ,75000,1378,24,842,134.7,1080906
191797397,"4420 S Arizona Cir, Fort Mohave, AZ 86426","Fort Mohave",AZ,84900,1547,35,952,134.6,037698
231070105,"188 Broadlands Dr, Eatonton, GA 31024","Eatonton",GA,100000,1968,46,1122,134.6,10727119
461359845,"2985 Mercer University Dr #2, Macon, GA 31204","Macon",GA,60000,1158,48,671,134.12,183747
946562,"4304 Gadsden St, Birmingham, AL 35217","Birmingham",AL,47000,953,54,522,133.38,21448155
2077415788,"746 Arbolada Dr, Coulterville, CA 95311","Coulterville",CA,95000,1745,82,1054,133.2,226040619
401787067,"3300 15th St W Space 383, Rosamond, CA 93560","Rosamond",CA,119900,2177,125,1323,132.39,26001452
47445771,"147 2ND Way, Interlachen, FL 32148","Interlachen",FL,60000,1162,64,658,131.55,2131163
118063184,"12 Road 6264, Kirtland, NM 87417","Kirtland",NM,49888,938,1,546,131.29,26-165
193659844,"304 W Trilby St, Wrightsville, GA 31096","Wrightsville",GA,69000,1249,18,747,129.97,10457226
94588167,"101 S Hamlet St, Hamlet, IN 46532","Hamlet",IN,64000,1181,30,692,129.69,834184
194069056,"281 Kimmes Ln, Breckenridge, CO 80424","Breckenridge",CO,221000,3937,249,2349,127.53,S1056602
460701363,"1015 Westlake Blvd, Bessemer, AL 35020","Bessemer",AL,73900,1329,38,784,127.37,21444636
42200715,"2811 Ketchum Rd, Memphis, TN 38114","Memphis",TN,89900,1642,107,951,126.9,10204479
91291520,"519 E Harvey Ave, Wellington, KS 67152","Wellington",KS,55000,1075,78,581,126.74,667186
2056820208,"860X Copper Sunset Trl, Mayer, AZ 86333","Mayer",AZ,75000,1327,24,791,126.54,1080907
19088765,"6380 15th Avenue, Lucerne, CA 95458","Lucerne",CA,65000,1205,56,685,126.52,326030176
460955717,"840 N Broad St, New Orleans, LA 70119","New Orleans",LA,99000,1761,89,1044,126.5,2546581
120581696,"348 Arthur St, Montgomery, AL 36107","Montgomery",AL,54900,1012,23,574,125.42,568707
42142558,"1694 Walker Ave, Memphis, TN 38114","Memphis",TN,129900,2275,140,1357,125.37,10213614
73409788,"627 Tennessee St, Gary, IN 46402","Gary",IN,80000,1448,79,832,124.87,833327
78813853,"2512 Bridge St, Gatesville, TX 76528","Gatesville",TX,70000,1302,86,728,124.77,21146462
2082880945,"50 Duchess Creek Dr, Porum, OK 74455","Porum",OK,55000,1013,27,570,124.41,2612548
105601349,"1428 N Main St, Lewistown, IL 61542","Lewistown",IL,49900,985,79,515,123.89,PA1262055
88325532,"20161 Yonka St, Detroit, MI 48234","Detroit",MI,69800,1264,68,709,121.84,20251059150
72341786,"1410 W Flamingo Ave Trailer 49, Nampa, ID 83651","Nampa",ID,79900,1405,63,806,120.99,98977730
2062317287,"3771 S Deer Valley Dr #151, Magna, UT 84044","Magna",UT,55000,2100,22,553,120.61,2147529
344603640,"324 Truax LOT 19, San Antonio, TX 78204","San Antonio",TX,78000,1423,115,781,120.17,1955619
50385291,"4150 Crow Rd APT 4, Beaumont, TX 77706","Beaumont",TX,92000,1680,167,918,119.75,264918
77996369,"112 31st St, Gulfport, MS 39507","Gulfport",MS,67500,1200,52,671,119.36,4128322
2079869247,"10 Vista De Oro, Placitas, NM 87043","Placitas",NM,119900,2013,76,1190,119.08,1101260
85203574,"2520 S Andrews Rd, Yorktown, IN 47396","Yorktown",IN,79900,1412,85,791,118.84,22079759
105164810,"201 Beetree Ave, Nashville, GA 31639","Nashville",GA,79000,1348,36,780,118.52,148329
245807950,"26 N 4th St, Mc Gill, NV 89318","Mc Gill",NV,59900,1143,118,585,117.23,2767085
2084937713,"2274 W Henderson Avenue, Porterville, CA 93257","Porterville",CA,75000,1304,69,723,115.66,240779
7365703,"4965 E Allen Ave, Flagstaff, AZ 86004","Flagstaff",AZ,135000,2123,21,1300,115.56,203934
7315828,"320 Brownlee Ln, Sun Valley, NV 89433","Sun Valley",NV,159000,2472,34,1520,114.7,11637490
103377328,"706 SW 21st St, Cape Coral, FL 33991","Cape Coral",FL,108500,1800,95,1031,113.99,A4687977
235411061,"2444 Crooked Road, Pagosa Springs, CO 81147","Pagosa Springs",CO,100000,1618,51,934,112.1,832909
443660889,"807 County Road 6, Renville, MN 56284","Renville",MN,75000,1274,64,698,111.66,6720071
88336925,"4224 W Davison, Detroit, MI 48238","Detroit",MI,74800,1260,63,686,110.02,20251059159
77999534,"2535 Tandy Dr, Gulfport, MS 39503","Gulfport",MS,86000,1425,74,786,109.62,4126578
19089739,"12860 2nd St, Clearlake Oaks, CA 95423","Clearlake Oaks",CA,73000,1227,61,663,108.98,LC26031809
113034127,"325 Morse Ave, Stinnett, TX 79083","Stinnett",TX,50000,906,62,452,108.52,25-5316
72813298,"530 5th St, Montgomery, AL 36110","Montgomery",AL,88999,1401,23,798,107.56,21449321
50405541,"7570 Tall Pine St, Beaumont, TX 77713","Beaumont",TX,78000,1242,18,697,107.24,265714
230728740,"1349 Point Mountain Rd, Webster Springs, WV 26288","Webster Springs",WV,65000,1064,22,578,106.65,10162995
2086205681,"69 Mill Street, Harrington, ME 04643","Harrington",ME,130000,2054,121,1155,106.58,1644054
246308499,"651 S Snowflake Ln, Brian Head, UT 84719","Brian Head",UT,110000,2136,180,975,106.35,114147
50393863,"1317 Rev Raymond Scott Ave, Port Arthur, TX 77640","Port Arthur",TX,79900,1412,178,698,104.89,253759
66069470,"145 Echo Rd, Glocester, RI 02814","Glocester",RI,149900,2364,188,1302,104.25,1409695
76143930,"334 S 21st St, West Memphis, AR 72301","West Memphis",AR,108000,1635,30,934,103.74,46250
461545269,"12257 W Jeffries Fwy, Detroit, MI 48204","Detroit",MI,55000,974,84,474,103.51,20261022461
85133139,"732 Barclay St, Logansport, IN 46947","Logansport",IN,65000,1070,45,561,103.48,202604607
2089403212,"0 XXX Game Trail Road, Cle Elum, WA 98922","Cle Elum",WA,179000,2676,106,1522,102.05,2497275
26228748,"230 CHICKERING AVE, San Antonio, TX 78210","San Antonio",TX,75000,1307,166,629,100.65,1939374
109234755,"4641 Saddle Ridge Dr SE, Owens Cross Roads, AL 35763","Owens Cross Roads",AL,100000,1539,67,839,100.64,1789721
95504196,"42474 Garnet Ln, Shaver Lake, CA 93664","Shaver Lake",CA,139888,2215,222,1167,100.1,646765
22731797,"607 Palatine Ave, Fairmont, WV 26554","Fairmont",WV,59000,1057,132,490,99.57,10162609
50776289,"400 E Cotton St, Longview, TX 75601","Longview",TX,149000,2306,207,1229,99,21136456
24938605,"828 Olivina Ave APT 11, Livermore, CA 94551","Livermore",CA,169888,2392,22,1399,98.82,41129132
2055821281,"1 George Walter Rd, Bolivar, TN 38008","Bolivar",TN,49000,806,27,393,96.18,10218511
70143458,"718 W Harrison St, Reidsville, NC 27320","Reidsville",NC,99900,1474,43,799,95.93,10081227
2058678976,"1537-1557 Braley Rd N #10, Youngstown, NY 14174","Youngstown",NY,72900,1212,128,582,95.74,B1669926
2098541374,"0 Morning Dove Trl, Alice, TX 78332","Alice",TX,70000,1118,73,557,95.47,473950
448036419,"324 Avenue N, Beaver, OK 73932","Beaver",OK,85000,1348,112,675,95.36,1210895
200677372,"2013 32nd Ave, Gulfport, MS 39501","Gulfport",MS,90000,1386,88,713,95.12,4132137
247800996,"103 B Ave, Seneca, OR 97873","Seneca",OR,99000,1434,24,782,94.79,220214299
216784310,"1448 County Road 1344, Chickasha, OK 73018","Chickasha",OK,139500,2091,148,1102,94.77,1219279
230515439,"61 Fairview Rd, Andrews, NC 28901","Andrews",NC,175000,2473,102,1376,94.35,157982
174736152,"611 16th St N, Bessemer, AL 35020","Bessemer",AL,66700,1067,77,517,93.08,21441880
88591710,"16155 Trinity St, Detroit, MI 48219","Detroit",MI,80000,1303,146,620,93.06,20261023516
232932117,"2804 Highway 568, Ferriday, LA 71334","Ferriday",LA,73000,1131,63,566,93,11587888
88267393,"16176 Tracey St, Detroit, MI 48235","Detroit",MI,89900,1333,52,696,92.95,20251058606
2058863713,"Us Highway 270, Heavener, OK 74937","Heavener",OK,60600,941,33,465,92.16,11687967
108424200,"6400 E Sundew Marsh Trl, Panama City Beach, FL 32413","Panama City Beach",FL,215000,3007,130,1638,91.45,787770
78907767,"1603 Speedway Ave, Wichita Falls, TX 76301","Wichita Falls",TX,55000,974,144,415,90.49,21145563
243774560,"Tower Rd, Brodnax, VA 23920","Brodnax",VA,99900,1389,8,748,89.89,141939
336116048,"402 N 3rd St, Crowell, TX 79227","Crowell",TX,55000,881,54,411,89.71,21160997
17483673,"13331 Holly St, Trona, CA 93562","Trona",CA,129999,1927,178,970,89.58,SW26039490
42130008,"32 N Belvedere Blvd APT 10, Memphis, TN 38104","Memphis",TN,72000,1104,70,536,89.4,10211061
77996954,"2801 Gulf Ave, Gulfport, MS 39501","Gulfport",MS,80000,1182,50,596,89.37,4125764
261564,"209 Cross St, Ward, AR 72176","Ward",AR,109500,1569,79,811,88.87,26004201
81797271,"8997 Cambria CIR #2002, Naples, FL 34113","Naples",FL,375000,6392,238,2775,88.79,225072126
52463877,"64625 Pierson Blvd Space A20, Desert Hot Springs, CA 92240","Desert Hot Springs",CA,149000,1974,8,1096,88.3,219143045DA
77992659,"120 Carson Dr, Gulfport, MS 39503","Gulfport",MS,85000,1236,57,619,87.33,4126634
15961487,"1210 Cacique St Space 14, Santa Barbara, CA 93103","Santa Barbara",CA,275000,3761,245,1987,86.71,26-421
452132124,"1712 Manor Pl, Dayton, OH 45406","Dayton",OH,84900,1285,118,607,85.75,956703
213376313,"8494 Pansy Ave, San Angelo, TX 76901","San Angelo",TX,79000,1120,24,564,85.72,200200
91543562,"57 Sabio Way, Chelan, WA 98816","Chelan",WA,160000,2234,95,1141,85.59,2500684
88391230,"10785 E Outer Dr, Detroit, MI 48224","Detroit",MI,75000,1118,78,528,84.47,20261017448
22093329,"11201 S Edgewater Rd, Claremore, OK 74017","Claremore",OK,125000,1731,99,878,84.28,2611962
77996942,"2811 Gulf Ave, Gulfport, MS 39501","Gulfport",MS,80000,1144,47,561,84.13,4125759
84104015,"109 County Route 28, Altmar, NY 13302","Altmar",NY,49900,841,102,348,83.6,R1672668
77952887,"731 Carter Dr, Gulfport, MS 39507","Gulfport",MS,130000,1792,110,904,83.44,4128781
449851944,"22 Olive Ave, Lakewood, NY 14750","Lakewood",NY,85000,1296,149,587,82.81,R1657811
77999490,"2537 W David Dr, Gulfport, MS 39503","Gulfport",MS,100000,1393,72,688,82.59,4126017
36861240,"7023 Edgemont Rd, Frederick, MD 21702","Frederick",MD,200000,2840,298,1376,82.53,MDFR2077792
45501367,"530 Sun Up St, North Fort Myers, FL 33917","North Fort Myers",FL,119900,1809,77,823,82.36,P4937633
457102211,"589 Altidore Ave, Dale, TX 78616","Dale",TX,134900,1934,209,923,82.15,610115
79227685,"2013 Saint Denis Ave, Norfolk, VA 23509","Norfolk",VA,150000,2126,225,1027,82.13,10623369
51331202,"9304 Simpson Rd, Shreveport, LA 71129","Shreveport",LA,189900,2615,256,1291,81.59,21002955
54982793,"17776 Red Bud Ln APT 12, Shasta Lake, CA 96019","Shasta Lake",CA,59000,1494,3,399,81.23,26648625
442316514,"302 N Martin Luther King Jr Blvd, Wichita Falls, TX 76306","Wichita Falls",TX,80000,1114,38,540,80.99,175964
19463648,"18035 Mobley Springs Rd, Nevada City, CA 95959","Nevada City",CA,92000,1294,79,621,80.95,226041292
243688650,"569 Langtry St, Comstock, TX 78837","Comstock",TX,89000,1197,18,599,80.82,208165
460307394,"1278 N And South Rd Unit 1278, Saint Louis, MO 63130","Saint Louis",MO,115000,1814,110,773,80.68,26006333
77998505,"13412 Windridge Dr, Gulfport, MS 39503","Gulfport",MS,107000,1512,129,716,80.28,4127031
232813116,"345 N Oliver St, Elberton, GA 30635","Elberton",GA,149900,1972,105,993,79.46,10580936
70830118,"1203 Waldrop Pl, Decatur, GA 30034","Decatur",GA,89999,1590,162,593,79.1,7731329
247155855,"858 Hoke Ogden Rd, Odum, GA 31555","Odum",GA,180000,2299,94,1185,79.03,10700748
46358793,"5318 Astrid Dr, Zephyrhills, FL 33541","Zephyrhills",FL,89000,1241,39,584,78.74,TB8501184
2067844963,"50 Mountain Vista Drive, Sparta, NC 28675","Sparta",NC,56500,895,28,369,78.32,260941
48055468,"5408 Barhydt Ave, Port Orange, FL 32127","Port Orange",FL,140000,1862,125,910,78.04,1223609
206706368,"106 E Magnolia Ave, Electra, TX 76360","Electra",TX,79000,1050,6,512,77.83,21200838
29015449,"230 Hovenkamp St, Keller, TX 76248","Keller",TX,279500,3825,476,1799,77.23,21095632
87299021,"120 N Plum, Pearsall, TX 78061","Pearsall",TX,95000,1344,126,609,76.94,1945130
35085406,"804 Linden Ave, Dayton, OH 45410","Dayton",OH,99000,1342,80,634,76.82,953145
193800892,"301 Water St, Zapata, TX 78076","Zapata",TX,81500,1132,70,518,76.31,20260485
36521152,"1610 McHenry St, Baltimore, MD 21223","Baltimore",MD,135000,1677,18,857,76.18,MDBA2206598
2062798627,"LOT 5 Horse Creek Rd, Dubois, WY 82513","Dubois",WY,114000,1483,60,722,76.04,26-675
2111818318,"5284 Flowering Peach Dr #5284, Memphis, TN 38115","Memphis",TN,70000,987,56,443,75.91,10207745
2059022641,"LOT 58A1 Goose Ln, Hilham, TN 38568","Hilham",TN,89929,1254,46,569,75.9,243386
2067844954,"51 Mountain Vista Drive, Sparta, NC 28675","Sparta",NC,57500,895,29,363,75.85,260948
2071686600,"0 Ridgway Rd, Pine Bluff, AR 71603","Pine Bluff",AR,60000,871,53,378,75.62,26014192
2118216373,"0 Wareham Rd, Plymouth, MA 02360","Plymouth",MA,199000,2531,181,1239,74.7,73492601
95510165,"42142 Opal Ln, Shaver Lake, CA 93664","Shaver Lake",CA,167677,2224,222,1042,74.55,646764
42155191,"1234 Smith Ave, Memphis, TN 38107","Memphis",TN,60000,873,60,373,74.54,10210604
42230977,"2938 Conti Cv, Memphis, TN 38127","Memphis",TN,65000,953,89,400,73.91,10214276
19003865,"8536 Kern Canyon Rd Space 184, Bakersfield, CA 93306","Bakersfield",CA,130000,1589,12,799,73.73,WS26055659
120683178,"130 N Trevino, Pearsall, TX 78061","Pearsall",TX,85000,1192,113,519,73.23,1876723
7455144,"616 W Granada Dr, Quartzsite, AZ 85346","Quartzsite",AZ,110000,1448,52,665,72.52,1039725
2057192844,"75657 Banyon St, Chiloquin, OR 97624","Chiloquin",OR,76000,981,6,458,72.3,220217446
232006729,"20 County Road 505, Mc Crory, AR 72101","Mc Crory",AR,199000,2328,28,1189,71.67,26013242
52950094,"9374 County Road 657, Bushnell, FL 33513","Bushnell",FL,125000,1557,59,744,71.45,TB8471345
78896288,"1609 Orchard Ave, Wichita Falls, TX 76301","Wichita Falls",TX,70000,1062,157,417,71.41,175852
2067844960,"52 Mountain Vista Drive, Sparta, NC 28675","Sparta",NC,59500,896,30,354,71.35,260950
28812012,"1638 Birch Pl, Corpus Christi, TX 78416","Corpus Christi",TX,100000,1235,7,595,71.35,467189
73819060,"12 Avoyelles Pl, New Orleans, LA 70129","New Orleans",LA,145000,1836,125,861,71.25,2538335
314021,"2501 S Pine St, Little Rock, AR 72204","Little Rock",AR,73000,956,22,431,70.9,26001556
455607279,"1302 Avenue E, Ralls, TX 79357","Ralls",TX,129900,1720,178,764,70.58,202600537
2054092432,"742 Kit Dr, Crestview, FL 32536","Crestview",FL,149900,1907,154,879,70.38,937880
46882644,"3601 S Ocean Boulevard #307, South Palm Beach, FL 33480","South Palm Beach",FL,375000,5143,117,2177,69.68,R11149284
26726438,"3815 Cauthorn Dr, Dallas, TX 75210","Dallas",TX,135000,1902,317,783,69.6,21122633
2060302965,"3087 S Homecrest St, West Valley City, UT 84119","West Valley City",UT,59900,1660,24,346,69.34,2130138
52953610,"20 SW 3rd St, Webster, FL 33597","Webster",FL,125000,1538,64,720,69.08,TB8467818
50353391,"790 Pinchback Rd, Beaumont, TX 77707","Beaumont",TX,127000,1853,364,725,68.53,264513
88297871,"11894 Glenfield St, Detroit, MI 48213","Detroit",MI,115000,1479,117,656,68.48,20261011255
6757743,"5905 Anaheim Ave NE, Albuquerque, NM 87113","Albuquerque",NM,169000,2147,227,954,67.72,1100991
10262091,"2319 N Fairhill St, Philadelphia, PA 19133","Philadelphia",PA,125000,1652,195,704,67.54,PAPH2548038
95046338,"2233 Baywood Way, Willits, CA 95490","Willits",CA,125000,1535,78,703,67.53,326024084
455932722,"1325 Fairview Avenue N, Seattle, WA 98102","Seattle",WA,150000,1817,102,840,67.18,2420257
41812416,"124 Glendale St, Jackson, TN 38301","Jackson",TN,159900,1901,93,886,66.48,2505511
54260653,"424 32nd Rd Trailer 374, Clifton, CO 81520","Clifton",CO,85000,1707,6,470,66.37,20261091
26133092,"217 LANCASTER, San Antonio, TX 78214","San Antonio",TX,102900,1395,181,567,66.13,1862866
110815574,"402 Boulevard St, Fort Valley, GA 31030","Fort Valley",GA,154999,1961,213,849,65.7,10683497
458694297,"8506 NE 34th Pl, Spencer, OK 73084","Spencer",OK,125000,1545,108,683,65.54,1204418
447584747,"2613 Arkansas Creek Rd, Martin, KY 41649","Martin",KY,65000,859,41,354,65.42,25500769
2109221062,"7601 Simmerly Road, Laytonville, CA 95454","Laytonville",CA,149000,1822,143,809,65.18,325096120
122733040,"100 N Files St, Itasca, TX 76055","Itasca",TX,164900,1928,86,895,65.14,21189193
70146340,"5 Circle Dr, Reidsville, NC 27320","Reidsville",NC,94900,1159,37,514,64.98,10081233
2067856121,"54 Twin Oaks Mtn Boulevard, Sparta, NC 28675","Sparta",NC,62500,895,31,337,64.66,260954
19434762,"10191 W River St, Truckee, CA 96161","Truckee",CA,499000,5352,58,2683,64.53,20242409
26374003,"8514 Standing Rock, San Antonio, TX 78242","San Antonio",TX,89000,1214,158,476,64.15,1931014
200677369,"2015 32nd Ave, Gulfport, MS 39501","Gulfport",MS,90000,1155,90,480,64.02,4131249
99365703,"34208 343rd Avenue Ct E, Ashford, WA 98304","Ashford",WA,199999,2259,51,1064,63.84,2495596
122631530,"3 Brennan St, Bradford, PA 16701","Bradford",PA,99999,1376,211,532,63.78,1744214
22277016,"2448 E 56th Pl, Tulsa, OK 74105","Tulsa",OK,565000,6488,460,2998,63.68,2608644
70156091,"22 Circle Dr, Reidsville, NC 27320","Reidsville",NC,94900,1132,24,500,63.21,10081230
2057895393,"5 A Lester Road, Ellensburg, WA 98926","Ellensburg",WA,149000,1742,88,784,63.14,2496075
2057895859,"3 A Lester Road, Ellensburg, WA 98926","Ellensburg",WA,149000,1742,88,784,63.14,2494790
94317703,"308 W Dunn St, Fulton, IN 46931","Fulton",IN,84000,1057,59,442,63.12,202549075
88110174,"15859 Cloverlawn St, Detroit, MI 48238","Detroit",MI,99900,1267,111,524,62.89,20261000598
30212374,"46 Hillery Ave, Buffalo, NY 14210","Buffalo",NY,149900,1736,79,783,62.7,B1660521
2070353378,"0 Piney Wood Rd, Saluda, SC 29138","Saluda",SC,124900,1464,59,651,62.57,629995
95340233,"77 Grafton Street, Lisbon, NH 03585","Lisbon",NH,269990,3461,553,1404,62.4,5053037
47920201,"2290 Red Oak Rd, Perry, FL 32348","Perry",FL,115000,1337,37,595,62.07,388091
2057066548,"4536 Laine Ave, New Orleans, LA 70126","New Orleans",LA,189000,2282,243,976,61.99,2540521
1046615,"1015 11th St N, Bessemer, AL 35020","Bessemer",AL,69950,890,43,359,61.62,21439279
70026561,"203 Shawnee Dr, Lagrange, GA 30240","Lagrange",GA,257000,3082,324,1317,61.48,10667526
231670972,"601 Travis St, Alleyton, TX 78935","Alleyton",TX,150000,1671,28,768,61.47,3969069
2097163296,"61119 Heritage Blvd #3, South Lyon, MI 48178","South Lyon",MI,109000,1898,122,555,61.06,25048347
50353392,"7150 Wall St, Beaumont, TX 77707","Beaumont",TX,89000,1131,99,452,60.89,259635
456181062,"436 Pleasant St SW, Grand Rapids, MI 49503","Grand Rapids",MI,231700,2919,210,1174,60.81,25042848
456181063,"440 Pleasant St SW, Grand Rapids, MI 49503","Grand Rapids",MI,231700,2919,210,1174,60.81,25042849
456181071,"448 Pleasant St SW, Grand Rapids, MI 49503","Grand Rapids",MI,231700,2919,210,1174,60.81,25042853
456181092,"452 Pleasant St SW, Grand Rapids, MI 49503","Grand Rapids",MI,231700,2919,210,1174,60.81,25042854
2064733669,"22 Mudd Hole Rd, Gap Mills, WV 24941","Gap Mills",WV,79000,960,32,397,60.26,25-749
2057302658,"0 Sage Riv, Newberry, MI 49868","Newberry",MI,105900,1280,90,528,59.87,25-266
1292501,"742 S Addison St, Indianapolis, IN 46221","Indianapolis",IN,84000,1069,101,413,58.94,22093820
2067855930,"55 Twin Oaks Boulevard, Sparta, NC 28675","Sparta",NC,65500,895,33,321,58.77,260955
458095569,"26559 White Oaks Ln, Tecumseh, OK 74873","Tecumseh",OK,69000,863,44,336,58.42,1220108
77999295,"2722 E David Dr, Gulfport, MS 39503","Gulfport",MS,115000,1338,73,559,58.34,4126021
2060616602,"1160 Lester Road, Ellensburg, WA 98926","Ellensburg",WA,155000,1742,92,751,58.17,2492271
87230901,"614 S Pecan St, Henrietta, TX 76365","Henrietta",TX,92000,1313,273,445,58.11,182526
461529553,"6275 Rolling Fork Rd Unit 406-F, Charleston, SC 29406","Charleston",SC,147500,1617,41,714,58.07,26009689
79801717,"23002 1/2 W Avenue D15, Lancaster, CA 93536","Lancaster",CA,324000,3437,110,1562,57.86,25006917
447162473,"510 Tri-Lakes Road, Humansville, MO 65674","Humansville",MO,159900,1768,77,768,57.65,60303793
88225153,"10147 Somerset Ave, Detroit, MI 48224","Detroit",MI,110000,1281,73,527,57.48,20261014348
43044072,"4043 NW 16th St APT 207, Lauderhill, FL 33313","Lauderhill",FL,125000,1774,116,596,57.26,A11994250
52767013,"4307 Jesenia St, San Juan, TX 78589","San Juan",TX,130000,1443,46,618,57.09,488287
116060306,"204 S Douglas St, West Frankfort, IL 62896","West Frankfort",IL,52900,801,144,251,57.03,25051812
88115324,"16588 Woodingham Dr, Detroit, MI 48221","Detroit",MI,125000,1418,77,587,56.33,20261011233
461591291,"1207 S Ocean Blvd. #50504, Myrtle Beach, SC 29577","Myrtle Beach",SC,47500,1254,14,221,55.9,2609192
43468669,"2100 Leewood Blvd, Melbourne, FL 32935","Melbourne",FL,153000,1817,218,710,55.69,1070897
92189185,"32 Grassy Lake Cir, Lake Placid, FL 33852","Lake Placid",FL,89000,1099,107,412,55.58,11618734
78005040,"2801 Woodlawn Ave, Moss Point, MS 39563","Moss Point",MS,119500,1435,155,553,55.51,4138768
43079041,"3083 N Oakland Forest Drive #308, Oakland Park, FL 33309","Oakland Park",FL,182000,2385,39,839,55.35,F10519324
458018501,"120 Cottage St #A, Auburn, NY 13021","Auburn",NY,139900,1704,235,643,55.12,R1649619
458018588,"120 Cottage St #B, Auburn, NY 13021","Auburn",NY,139900,1704,235,643,55.12,R1649620
45505291,"16027 Tangelo Way, North Fort Myers, FL 33903","North Fort Myers",FL,119900,1651,94,543,54.38,225025417
68885091,"102 N 3910 W, Hurricane, UT 84737","Hurricane",UT,125000,1493,94,565,54.2,26-269792
54088552,"325 S 13th St, Slaton, TX 79364","Slaton",TX,150000,1734,182,677,54.15,202558459
43686557,"7260 Woodstock St, Keystone Heights, FL 32656","Keystone Heights",FL,98900,1130,56,446,54.11,P4937595
22892147,"3204 Mountain View Mnr, Morgantown, WV 26501","Morgantown",WV,92500,1225,80,415,53.89,10163705
45770432,"808 53rd Ave E Lot 9, Bradenton, FL 34203","Bradenton",FL,125000,1613,24,560,53.75,A4681130
2075241655,"910 Tropic St, Titusville, FL 32796","Titusville",FL,199000,2246,244,891,53.72,1068776
38614480,"100 228th St SE #19-B, Bothell, WA 98021","Bothell",WA,120000,1272,6,536,53.63,2499764
88275828,"15930 Turner St, Detroit, MI 48238","Detroit",MI,99800,1183,107,444,53.39,20251059219
516720,"4339 Barker St SE, Washington, DC 20019","Washington",DC,349900,3506,64,1551,53.21,DCDC2252760
18825172,"77 Mill Rd, Redway, CA 95560","Redway",CA,170000,1872,149,752,53.08,270163
2136730305,"707 E San Jacinto Ave, Crockett, TX 75835","Crockett",TX,100000,1151,77,441,52.94,26001354
26415773,"5318 Beryl Cv, San Antonio, TX 78242","San Antonio",TX,160000,1971,348,700,52.5,1931007
2062217714,"1433 Cc Dr, Ashland, KY 41102","Ashland",KY,89000,973,6,387,52.23,25506616
79225730,"3855 Giles Cir, Norfolk, VA 23513","Norfolk",VA,224000,2561,319,960,51.42,10626411
88342092,"15011 Monte Vista St, Detroit, MI 48238","Detroit",MI,110000,1212,60,471,51.34,20261015347
62865780,"2499 Eagleridge Ln, Cordova, TN 38016","Cordova",TN,449000,4869,501,1916,51.2,10217392
45816814,"5353 Dogwood Dell St, Marathon, FL 33050","Marathon",FL,675000,6901,485,2855,50.76,616616
904492,"1617 5th St NW, Birmingham, AL 35215","Birmingham",AL,135000,1436,63,570,50.71,21447313
227333742,"116 Malcolm St, Ty Ty, GA 31795","Ty Ty",GA,118900,1236,10,502,50.67,141268
90755231,"507 W North St, Heber Springs, AR 72543","Heber Springs",AR,145000,1468,6,612,50.63,26004992
456443270,"23002 W 1/2 Ave #D15, Lancaster, CA 93536","Lancaster",CA,324000,3437,319,1353,50.11,SR25194114
109115582,"591 Featherston St, Waldron, AR 72958","Waldron",AR,79000,896,38,326,49.51,1328148
319961264,"47 N Humble Ln, Ash Fork, AZ 86320","Ash Fork",AZ,194900,1930,34,804,49.5,1063657
82770709,"12611 Fannin Pkwy, Tyler, TX 75708","Tyler",TX,125000,1352,88,510,48.98,26000534
2077367670,"0 Casas Dr, Unincorporated, TX 99999","Unincorporated",TX,110000,1237,108,447,48.81,911306
87129434,"710 S Magnolia St, Palestine, TX 75801","Palestine",TX,225000,2569,367,915,48.81,21077000
50413228,"1960 N Major Dr, Beaumont, TX 77713","Beaumont",TX,169000,1840,188,686,48.7,262284
42252590,"5057 Gill Rd, Memphis, TN 38109","Memphis",TN,109000,1211,94,441,48.51,10216831
27372870,"1921 E San Antonio Ave, El Paso, TX 79901","El Paso",TX,134000,1402,64,540,48.4,927693
211719688,"128 W Thompson Rd, Payson, AZ 85541","Payson",AZ,185000,1818,30,744,48.26,93760
88100894,"13763 Sparling St, Hamtramck, MI 48212","Hamtramck",MI,103900,1132,62,418,48.24,20251008729
70126109,"710 Prince Williams St, Reidsville, NC 27320","Reidsville",NC,109900,1154,32,441,48.17,10081228
113341864,"2107 Pearl St, Portsmouth, VA 23704","Portsmouth",VA,122900,1373,137,492,48.03,10611831
61257715,"14518 Battery Bnd, North Fort Myers, FL 33917","North Fort Myers",FL,109900,1502,70,440,47.99,2025024335
10300456,"2044 E Wishart St, Philadelphia, PA 19134","Philadelphia",PA,145000,1537,108,579,47.91,PAPH2548026
50748315,"4822 George Saenz Ln, Brownsville, TX 78521","Brownsville",TX,149900,1588,116,598,47.86,29768931
2064423249,"0 E Broadway Avenue Lot 1 -- #-, Apache Junction, AZ 85119","Apache Junction",AZ,169000,1702,65,671,47.62,7005246
26275814,"318 Charcliff, San Antonio, TX 78220","San Antonio",TX,115000,1293,132,455,47.5,1891740
15967660,"2056 Highway 154 #14, Santa Ynez, CA 93460","Santa Ynez",CA,349000,3576,311,1379,47.4,26000162
242809964,"308 Coffee St, Dequincy, LA 70633","Dequincy",LA,124500,1293,54,487,46.98,SWL25102386
45616939,"1160 Tapley Trl, Tallahassee, FL 32311","Tallahassee",FL,199900,2199,301,782,46.97,394625
88353277,"14024 Pembroke Ave, Detroit, MI 48235","Detroit",MI,124900,1416,175,488,46.87,20261023375
126676930,"108 Hill St, Dowagiac, MI 49047","Dowagiac",MI,200000,2377,431,780,46.78,26008647
88337120,"1915 Ewald Cir, Detroit, MI 48238","Detroit",MI,139700,1445,77,543,46.69,20251021380
90245901,"707 N John St, Palestine, TX 75801","Palestine",TX,160000,1587,49,615,46.09,103232
16301248,"5315 Road 40, Alpaugh, CA 93201","Alpaugh",CA,145000,1465,59,555,45.96,202602538
84471967,"548 Elmira Ave, New Orleans, LA 70114","New Orleans",LA,299000,2812,23,1144,45.92,2529680
52079537,"2000 Bosque Blvd, Waco, TX 76707","Waco",TX,245000,2641,321,937,45.87,21128319
52722984,"206 Commercial St, Edcouch, TX 78538","Edcouch",TX,99900,1200,186,381,45.75,496415
62562972,"9 Santa Fe Dr, Tuscola, TX 79562","Tuscola",TX,245000,2577,260,933,45.7,21172541
126988510,"608 W Alameda St, Roswell, NM 88203","Roswell",NM,105000,1085,31,397,45.38,20261806
42225442,"4518 Suncrest Dr, Memphis, TN 38127","Memphis",TN,79900,901,64,301,45.17,4136802
2062140860,"1612 Katen Road, Ellensburg, WA 98926","Ellensburg",WA,184100,1840,109,692,45.08,2503172
316957472,"174 Brown St, Heflin, AL 36264","Heflin",AL,60000,706,41,225,44.97,21442672
232390164,"363 W Brazell St, Reidsville, GA 30453","Reidsville",GA,75000,818,25,280,44.86,10728331
2074114576,"1736 Primrose Ln, Sebring, FL 33872","Sebring",FL,129900,1419,156,486,44.85,11686603
2058774512,"1428 Smythe Ave #58, Memphis, TN 38114","Memphis",TN,80000,899,64,298,44.77,10196660
109122169,"30 Sequoyah Ridge Rd, Cherokee Village, AR 72529","Cherokee Village",AR,139000,1347,8,518,44.71,25035624
1024575,"417 62nd St, Fairfield, AL 35064","Fairfield",AL,79900,888,55,297,44.66,21447689
74099260,"1417 Gerry Dr, Jackson, MI 49202","Jackson",MI,182500,1871,162,677,44.54,26003692
242826612,"406 W Velmer St, Dequincy, LA 70633","Dequincy",LA,124500,1253,41,461,44.41,SWL25102389
52294990,"305 E Bradford St, Troup, TX 75789","Troup",TX,129995,1410,152,480,44.27,26000532
442584583,"310 Coffee St, Dequincy, LA 70633","Dequincy",LA,124500,1268,61,455,43.88,SWL25102379
42140337,"765 Grand St, Denver, TN 38114","Denver",TN,121900,1217,33,445,43.85,10218999
72796327,"1950 Johnson St, Montgomery, AL 36110","Montgomery",AL,96500,989,21,352,43.73,583138
2060890740,"1120 Barkentine Dr Lot 332, New Bern, NC 28560","New Bern",NC,149500,1485,70,543,43.58,10155720
28670435,"302 E Gertrude St, Crandall, TX 75114","Crandall",TX,119900,1527,363,435,43.53,21162926
27191404,"1901 Sunset Hl, Rowlett, TX 75088","Rowlett",TX,435000,4431,569,1561,43.05,21213896
104255489,"2439 Seameadows Dr, Perry, FL 32348","Perry",FL,138900,1429,110,498,43.04,384129
10664735,"1020 Vine St, West Newton, PA 15089","West Newton",PA,220000,2202,151,788,42.98,11415604
340043120,"3300 15th St W Space 383, Rosamond, CA 93560","Rosamond",CA,119900,1983,125,429,42.92,26665095
107129581,"503 N Logan St, Spencer, NE 68777","Spencer",NE,187500,1760,36,668,42.77,11540860
105062709,"802 4th St, Pepin, WI 54759","Pepin",WI,155000,1494,43,552,42.76,7040677
50345653,"91 Orgain St, Beaumont, TX 77707","Beaumont",TX,143000,1596,246,509,42.7,263249
42849863,"3160 Holiday Springs Boulevard #7-104, Margate, FL 33063","Margate",FL,76999,1581,144,274,42.67,R11137849
93605,"308 6th Ave E, Oneonta, AL 35121","Oneonta",AL,140000,1406,83,497,42.57,21442714
52825908,"2208 W Bogey Dr, Mission, TX 78572","Mission",TX,124000,1365,138,440,42.56,498165
1037461,"101 Livingston Ct, Bessemer, AL 35020","Bessemer",AL,117900,1234,97,418,42.53,21435147
14921911,"42-B Elm St, Hampton, GA 30228","Hampton",GA,135000,1461,182,477,42.42,10703198
76081869,"1678 Rose Hill Rd, Nauvoo, AL 35578","Nauvoo",AL,93000,971,46,325,42,527732
447614292,"20/ACRE S Burr Valley Rd, Bridgeville, CA 95526","Bridgeville",CA,188000,1886,171,657,41.93,268781
459335876,"2224 Us Highway 87 East 17 #17-17-17, Billings, MT 59101","Billings",MT,85000,1712,60,297,41.91,356978
97073441,"223 Sunset Dr, Alliance, NE 69301","Alliance",NE,159000,1626,156,552,41.63,11627790
299170149,"68860 Foley Dr, Twentynine Palms, CA 92277","Twentynine Palms",CA,195000,1832,65,675,41.54,26675263
27833596,"202 S Magnolia St, Highlands, TX 77562","Highlands",TX,179000,1712,78,619,41.51,39132011
1290641,"1048 N Mount St, Indianapolis, IN 46222","Indianapolis",IN,120000,1292,147,415,41.48,22094108
88336697,"14088 Fellrath St, Taylor, MI 48180","Taylor",MI,85000,1296,442,294,41.48,20261023442
442585690,"1114 Pinder Ln, Dequincy, LA 70633","Dequincy",LA,134500,1329,66,463,41.31,SWL25102391
73472080,"126 N 42nd St, Louisville, KY 40212","Louisville",KY,130000,1295,70,447,41.3,1712156
220481286,"3058 Rocky Ridge Rd, Mountain Home, AR 72653","Mountain Home",AR,185000,1695,17,635,41.17,133721
442599924,"1112 Pinder Ln, Dequincy, LA 70633","Dequincy",LA,134500,1327,66,461,41.13,SWL25102390
50700212,"1524 Morton St, Brownsville, TX 78521","Brownsville",TX,154900,1552,124,530,41.04,29762972
458697011,"7325 Knollwood Dr, Little Rock, AR 72209","Little Rock",AR,92200,972,61,315,41.01,25047657
174725501,"747 McClain Rd, Bessemer, AL 35023","Bessemer",AL,138000,1289,1,471,40.99,21438726
2062517110,"2027 Sunset Ridge Rd, Blocksburg, CA 95514","Blocksburg",CA,217500,2164,171,742,40.96,270286
447330300,"10530 Private Road 5207, Malakoff, TX 75148","Malakoff",TX,129900,1340,119,443,40.95,21042347
43016302,"5415 NW 27th St #A1, Fort Lauderdale, FL 33313","Fort Lauderdale",FL,155000,1910,213,527,40.83,A11994190
43372159,"3711 Prescott St, Titusville, FL 32796","Titusville",FL,209900,1943,17,712,40.69,1072227
112318861,"1480 10th St NE, Paris, TX 75460","Paris",TX,115000,1184,90,388,40.48,21172017
114518755,"1604 Del Norte Blvd, Grants, NM 87020","Grants",NM,134500,1359,109,450,40.14,20246781
42253899,"984 E Raines Rd, Memphis, TN 38116","Memphis",TN,149900,1557,182,501,40.13,10214832
83348209,"4755 Maple Spring Court, Martinez, GA 30907","Martinez",GA,202000,1855,5,674,40.04,550869
42230119,"2662 Orman Ave, Memphis, TN 38127","Memphis",TN,125000,1281,111,416,39.95,10212394
73665140,"870 S 25th St, Louisville, KY 40211","Louisville",KY,150000,1418,44,499,39.92,1691471
8807620,"13228 E 48th St, Yuma, AZ 85367","Yuma",AZ,119500,1156,34,395,39.64,20261524
43028036,"9481 Sunrise Lakes Blvd APT 302, Fort Lauderdale, FL 33322","Fort Lauderdale",FL,155000,2148,217,511,39.59,A11966886
245947576,"4709 Jonathan Edwards Ct, Mission, TX 78574","Mission",TX,180000,2034,422,592,39.49,497459
303759135,"1414 Spear St, Weslaco, TX 78596","Weslaco",TX,150000,1447,79,493,39.48,501142
26569183,"1840 Katy St, New Braunfels, TX 78130","New Braunfels",TX,130000,1392,187,427,39.4,609238
244202503,"28472 Italian Bar Rd, Twain Harte, CA 95383","Twain Harte",CA,175000,1703,134,573,39.29,20220879
450774500,"434 NW 85th Street Rd #434, Miami, FL 33150","Miami",FL,224000,2725,343,733,39.28,A11980846
87481219,"911 Elm St, Sweetwater, TX 79556","Sweetwater",TX,129900,1364,165,422,38.97,21136516
112742370,"332410 E 1030th Rd, McLoud, OK 74851","McLoud",OK,150000,1487,126,486,38.91,1222326
90348627,"803 E 14th St, Bonham, TX 75418","Bonham",TX,145000,1453,134,469,38.79,21179308
968605,"312 E Ventura Dr, Birmingham, AL 35235","Birmingham",AL,123900,1271,122,400,38.78,21447232
47311958,"212 Sunset Dr, Lake Alfred, FL 33850","Lake Alfred",FL,119000,1161,52,384,38.75,L4960261
74457310,"223 Sycamore Ave, Newport News, VA 23607","Newport News",VA,225000,2288,278,723,38.58,10616631
47226395,"416 73rd Ave N APT 205, Saint Petersburg, FL 33702","Saint Petersburg",FL,92500,1545,76,297,38.56,TB8484320
338035763,"2020 Wooley Way, Seagoville, TX 75159","Seagoville",TX,237500,2361,223,760,38.4,21149038
200021272,"607 Buckwheat Dr, Laredo, TX 78046","Laredo",TX,119000,1110,5,380,38.28,20260329
87614010,"514 S Avenue C, Olney, TX 76374","Olney",TX,75000,836,84,239,38.27,21230088
226209551,"223 S Market St, Union City, OH 45390","Union City",OH,89900,889,18,287,38.26,948275
87638439,"8700 Front Beach Rd Unit 8108, Panama City Beach, FL 32407","Panama City Beach",FL,385000,3620,335,1224,38.17,782672
442599480,"1118 Pinder Ln, Dequincy, LA 70633","Dequincy",LA,134500,1290,66,424,37.83,SWL25102392
73692881,"2049 Tuskegee Dr, Marrero, LA 70072","Marrero",LA,200000,1891,95,630,37.81,2551614
47114929,"29250 Us Highway 19 N Lot 537, Clearwater, FL 33761","Clearwater",FL,147000,1709,148,462,37.74,TB8473487
95227941,"119 Fleetwood Street, Presque Isle, ME 04769","Presque Isle",ME,117000,1322,239,367,37.69,1654401
2065922131,"135 Kingspoint Blvd #135, Slidell, LA 70461","Slidell",LA,90000,1172,55,282,37.66,2549855
205266797,"13117 Madrone Forest Dr, Nevada City, CA 95959","Nevada City",CA,190000,1896,232,596,37.63,226037512
2076564435,"0 Highway 115, Clarkesville, GA 30523","Clarkesville",GA,124900,1209,66,390,37.47,10729157
1032344,"1015 Palmer Ave, Bessemer, AL 35020","Bessemer",AL,110000,1074,49,343,37.44,21439470
94188164,"102 Utah St, Portsmouth, VA 23701","Portsmouth",VA,269000,2727,389,839,37.41,10612841
315238,"2004 Rice St, Little Rock, AR 72202","Little Rock",AR,140000,1332,71,435,37.25,26008315
225812438,"624 Sandy Beach Court, Warrens, WI 54666","Warrens",WI,184900,1833,221,569,36.91,2019963
83616047,"7520 Studebaker Ave, Warren, MI 48091","Warren",MI,107656,1188,187,331,36.88,20251004768
225812439,"622 Sandy Beach Court, Warrens, WI 54666","Warrens",WI,184900,1833,223,567,36.77,2019962
225812440,"620 Sandy Beach Court, Warrens, WI 54666","Warrens",WI,184900,1833,223,567,36.77,2019961
225812442,"614 Sandy Beach Court, Warrens, WI 54666","Warrens",WI,184900,1833,223,567,36.77,2019959
49206041,"14408 Portland Avenue SW, Lakewood, WA 98498","Lakewood",WA,249995,2301,133,760,36.47,2505695
2053047206,"70 Camden C, West Palm Beach, FL 33417","West Palm Beach",FL,64900,1278,85,196,36.2,R11155319
73783487,"2669 New Orleans St, New Orleans, LA 70119","New Orleans",LA,293000,2788,289,884,36.19,2548600
47348402,"2417 W Parker St, Lakeland, FL 33815","Lakeland",FL,119000,1116,32,359,36.17,L4960260
42797725,"14401 Front Beach Rd #403, Panama City Beach, FL 32413","Panama City Beach",FL,148000,1447,141,441,35.72,785495
43490260,"2917 Stetson St, Melbourne, FL 32901","Melbourne",FL,490000,4461,435,1459,35.72,O6387347
2053065396,"1306 Fancher St, Vinton, LA 70668","Vinton",LA,149900,1329,12,443,35.45,SWL24000491
447290701,"52 Pat St, Mount Vernon, TX 75457","Mount Vernon",TX,184900,1690,100,546,35.45,25005801
22001491,"4753 SE 17th St, Oklahoma City, OK 73115","Oklahoma City",OK,130000,1271,110,383,35.36,1221258
49665421,"914 Bullitt Ave SE, Roanoke, VA 24013","Roanoke",VA,190000,1711,83,560,35.34,922596
87290657,"617 W Price St, Floydada, TX 79235","Floydada",TX,92200,893,26,271,35.32,20983996
26274364,"654 ELLOR DR, San Antonio, TX 78228","San Antonio",TX,150999,1400,77,443,35.23,1956511
44061413,"3916 NW 207th St, Miami Gardens, FL 33055","Miami Gardens",FL,450000,3825,95,1321,35.22,A11966166
306610188,"401 Whitaker Ln, Grants Pass, OR 97527","Grants Pass",OR,169000,1532,70,496,35.21,220218089
83559683,"121 Jones St, Mount Clemens, MI 48043","Mount Clemens",MI,220000,2161,254,644,35.11,20261022621
49652810,"728 Harrison Ave NW, Roanoke, VA 24016","Roanoke",VA,160000,1453,62,468,35.1,922595
235437440,"43 Yearling Ct, Ludowici, GA 31316","Ludowici",GA,289900,2749,302,847,35.05,165563
88494165,"2962 Ewald Cir, Detroit, MI 48238","Detroit",MI,164800,1522,95,481,34.99,20251045869
2098998311,"1500 Hummingbird Ct APT 11, Pharr, TX 78577","Pharr",TX,140000,1408,174,408,34.97,479453
222885461,"914 Madison Ave, Tuscumbia, AL 35674","Tuscumbia",AL,85000,831,23,248,34.96,527477
66683684,"3117 Manor Dr NE, Palm Bay, FL 32905","Palm Bay",FL,149000,1866,240,432,34.8,1068099
27155794,"3109 Point East Dr, Mesquite, TX 75150","Mesquite",TX,319950,2735,62,927,34.78,21091981
446059208,"613 E 5th St, Spencer, NC 28159","Spencer",NC,195000,1764,111,561,34.55,4240935
246186996,"502 Roosevelt Ave, Mountainair, NM 87036","Mountainair",NM,107500,990,13,307,34.29,1087530
52714607,"115 Which Way, Pharr, TX 78577","Pharr",TX,149000,1454,137,422,34.01,492710
23790846,"125 Hall St, Grand Rapids, MI 49507","Grand Rapids",MI,240000,2053,20,674,33.68,25047090
1043217,"2928 6th Ave N, Bessemer, AL 35020","Bessemer",AL,125000,1186,81,351,33.67,21433442
87242537,"11005 Graham Way, Paint Rock, TX 76866","Paint Rock",TX,98000,936,28,274,33.59,200191
351474791,"621 Plainview St, Clarendon, TX 79226","Clarendon",TX,155000,1477,146,432,33.46,25-9238
76649708,"1233 Rainbow Dr, Cedar Falls, IA 50613","Cedar Falls",IA,154000,1634,311,429,33.39,20260198
18108625,"32561 San Miguelito Dr, Thousand Palms, CA 92276","Thousand Palms",CA,145000,1701,125,403,33.35,219144349DA
210357477,"1712 S G St, Fort Smith, AR 72901","Fort Smith",AR,100000,945,35,277,33.27,1329518
50400743,"4895 Belmont St, Beaumont, TX 77707","Beaumont",TX,156000,1576,240,432,33.23,263763
51547379,"582 Five Mile Road, Richlands, NC 28574","Richlands",NC,144900,1265,14,401,33.22,100565652
70148157,"819 Moore St, Reidsville, NC 27320","Reidsville",NC,129900,1186,50,359,33.15,10081225
43722623,"372 NW DIVIDER Terrace, Lake City, FL 32055","Lake City",FL,150000,1366,78,413,33.05,2137070
49873308,"423 Alabama Ave, Warner Robins, GA 31093","Warner Robins",GA,182500,1649,118,499,32.83,183696
338734949,"322 Rushing Rd, Denham Springs, LA 70726","Denham Springs",LA,300000,2607,141,817,32.67,2534645
321484,"5505 Chaucer Ln, Little Rock, AR 72209","Little Rock",AR,142500,1281,57,385,32.44,26011335
209869202,"53 Halcon Pl, Hot Springs, AR 71909","Hot Springs",AR,155000,1611,79,417,32.27,26014219
28852090,"4730 Kendall Dr, Corpus Christi, TX 78415","Corpus Christi",TX,130000,1333,206,349,32.21,474454
19067713,"12792 10th Ave, Hanford, CA 93230","Hanford",CA,159200,1384,39,426,32.1,646929
73456457,"635 Cecil Ave, Louisville, KY 40211","Louisville",KY,150000,1350,75,400,32.01,1706582
336776244,"22819 Grand Spg, Elmendorf, TX 78112","Elmendorf",TX,170000,1544,121,451,31.86,1954605
232165202,"8012 SE Hood Cir, Prineville, OR 97754","Prineville",OR,199000,1696,58,526,31.73,220217997
27933544,"5326 Wenda St, Houston, TX 77033","Houston",TX,159000,1555,219,418,31.54,10590484
45779821,"1817 Wisconsin Ave, Bradenton, FL 34207","Bradenton",FL,120000,1404,240,314,31.4,11673332
439779559,"11 McClung St, Phil Campbell, AL 35581","Phil Campbell",AL,85000,819,36,222,31.38,527083
53477208,"742 Donnelly St, Duryea, PA 18642","Duryea",PA,179000,1597,115,468,31.35,772815
11821355,"739 Baltimore St, Spartanburg, SC 29301","Spartanburg",SC,104000,1095,172,270,31.18,333402
80299890,"5711 Flint Dr, Granbury, TX 76048","Granbury",TX,219000,1848,23,564,30.93,21221008
148983592,"2924 Republic St, New Orleans, LA 70119","New Orleans",LA,299000,2733,318,771,30.92,2532379
35830540,"1330 Allene Ave SW, Atlanta, GA 30310","Atlanta",GA,285000,2797,486,734,30.91,10695273
42140494,"2545 Spottswood Ave, Memphis, TN 38114","Memphis",TN,92000,918,87,237,30.9,10219793
87318884,"200 NE Alpine Dr, Plainview, TX 79072","Plainview",TX,169500,1670,265,436,30.89,26-27
2058160336,"604 Players Pl, Brookeland, TX 75931","Brookeland",TX,169999,1590,147,436,30.8,65103600
247147978,"16329 Cherry Tree Ct, Clermont, FL 34714","Clermont",FL,159990,1756,163,408,30.58,TB8493039
50806056,"3103 SW 27th Ave, Amarillo, TX 79109","Amarillo",TX,169900,1670,269,430,30.35,26-2999
448311544,"306 N Front St E, Savoy, TX 75479","Savoy",TX,159900,1469,147,400,30.01,21039316
2068424069,"854 Bentley Dr, Fairburn, GA 30213","Fairburn",GA,274900,2543,283,686,29.95,10620520
2067546010,"1056 N Edgemoor St, Wichita, KS 67208","Wichita",KS,159500,1479,161,398,29.91,667519
46875615,"1160 W 26th Ct, Riviera Beach, FL 33404","Riviera Beach",FL,395000,3611,519,983,29.87,A11975111
26380803,"13614 Primwood, San Antonio, TX 78233","San Antonio",TX,179900,1779,313,447,29.8,1927300
199395281,"652 Ridge Dr N, Cleburne, TX 76033","Cleburne",TX,198000,1663,66,491,29.74,11660172
2064212743,"5184 Clarkston Grove Dr, Slidell, LA 70461","Slidell",LA,259900,2308,158,644,29.74,2548423
44461482,"1152 DETROIT Street, Jacksonville, FL 32254","Jacksonville",FL,194900,1638,66,480,29.57,2119021
101317013,"3008 W Flournoy St Unit 1, Chicago, IL 60612","Chicago",IL,232999,2205,105,574,29.55,11889674
39818507,"15 E Griffith St, Penns Grove, NJ 08069","Penns Grove",NJ,245000,2371,384,603,29.55,NJSA2017774
121286563,"2346 Rice Road, Chehalis, WA 98532","Chehalis",WA,149000,1334,99,365,29.4,2502787
2058368175,"2072 Casita Dr, Sarasota, FL 34234","Sarasota",FL,199900,1817,212,490,29.39,11686152
2101500494,"1500 Hummingbird Ct APT 6, Pharr, TX 78577","Pharr",TX,137500,1408,258,336,29.31,479441
49652879,"1131 Loudon Ave NW, Roanoke, VA 24017","Roanoke",VA,180000,1538,82,436,29.07,922593
230520976,"107 W 5th Ave, Lawrenceville, VA 23868","Lawrenceville",VA,135000,1152,24,326,28.95,140236
80304984,"4035 Apache Cir, Granbury, TX 76048","Granbury",TX,218000,2080,269,523,28.79,21212593
34964453,"2617 Hancock Ave, Dayton, OH 45406","Dayton",OH,101500,1011,128,243,28.73,953175
122957840,"1522 N 2200 E, Layton, UT 84040","Layton",UT,230000,1951,92,546,28.51,2148907
74668873,"860 E Michigan Ave, Marshall, MI 49068","Marshall",MI,177000,1636,212,418,28.37,26014755
26110163,"1021 cherry, San Antonio, TX 78202","San Antonio",TX,190000,1933,417,448,28.3,1947516
82831601,"1917 Reveille Cir, Jacksonville, AR 72076","Jacksonville",AR,205000,1888,216,482,28.21,26005070
8808443,"11387 S Maria Rosa Dr, Yuma, AZ 85367","Yuma",AZ,74900,912,30,175,28.09,20260990
85802466,"304 N Main St, Columbia City, IN 46725","Columbia City",IN,299900,2553,203,701,28.05,202540309
104080650,"575 Dryden Cir, Cocoa, FL 32926","Cocoa",FL,279900,2818,569,651,27.89,1070945
123598258,"410 Glover Ave, Enterprise, AL 36330","Enterprise",AL,129000,1104,32,299,27.8,557130
43496490,"3033 Dairy Ter NE, Palm Bay, FL 32905","Palm Bay",FL,172000,1490,114,395,27.55,1072204
461185096,"346 Highway 45 S, Bradford, TN 38316","Bradford",TN,139900,1207,61,320,27.49,2601169
2098996482,"1500 Hummingbird Ct APT 14, Pharr, TX 78577","Pharr",TX,140000,1408,263,319,27.35,479459
35959116,"3955 Demooney Rd, Atlanta, GA 30349","Atlanta",GA,199000,1846,282,452,27.28,7708678
93886515,"517 14th St, Onawa, IA 51040","Onawa",IA,162500,1491,188,368,27.2,832248
458699074,"43 Jake Rd, Thoreau, NM 87323","Thoreau",NM,99900,1001,143,225,27.05,20256789
230779248,"129 Mill Creek Dr, Weatherford, TX 76085","Weatherford",TX,349999,2841,164,786,26.94,21160230
457550130,"510 Don Ln, Itasca, TX 76055","Itasca",TX,239999,2018,121,537,26.85,21179379
453452664,"1610 E Rosebud Ave, Victoria, TX 77901","Victoria",TX,175000,1605,219,391,26.79,609646
13062571,"14806 E 2nd Ave Avenue #105G, Aurora, CO 80011","Aurora",CO,135000,1487,65,301,26.74,8313416
306610187,"345 Whitaker Ln, Grants Pass, OR 97527","Grants Pass",OR,184900,1524,74,406,26.37,220218090
47610398,"3313 Central Ave, Sarasota, FL 34234","Sarasota",FL,245000,2113,191,538,26.35,A4680153
69980031,"261 Green St, Warm Springs, GA 31830","Warm Springs",GA,189900,1671,187,416,26.31,10693450
26310689,"2823 Tillie, San Antonio, TX 78222","San Antonio",TX,159800,1297,25,350,26.3,1948120
97588053,"2066 DRY CREEK, Canyon Lake, TX 78133","Canyon Lake",TX,259000,2332,314,566,26.25,1949905
46872759,"137 W 34th Street, Riviera Beach, FL 33404","Riviera Beach",FL,345000,2831,212,752,26.16,R11163546
2098203082,"1500 Hummingbird Ct APT 1, Pharr, TX 78577","Pharr",TX,145000,1438,272,316,26.12,479280
101344699,"3008 W Flournoy St #3, Chicago, IL 60612","Chicago",IL,232999,2134,105,503,25.9,11892842
2067855906,"Lot#57 Twin Oaks Mountain Boulevard, Sparta, NC 28675","Sparta",NC,89500,895,45,193,25.86,260957
43014700,"4848 NW 24th Ct APT 232, Fort Lauderdale, FL 33313","Fort Lauderdale",FL,125000,1601,232,267,25.67,A11985575
78826142,"4311 Gordon St, Greenville, TX 75401","Greenville",TX,179000,1767,371,382,25.58,21118166
42354978,"1539 Brookside Dr, Germantown, TN 38138","Germantown",TN,450000,3725,397,954,25.43,10219390
46938182,"1034 Almeria Road, West Palm Beach, FL 33405","West Palm Beach",FL,650000,5232,414,1377,25.43,R11093144
73596453,"1332 Olive St, Louisville, KY 40211","Louisville",KY,110000,1028,113,233,25.43,1710777
74102361,"306 N Pleasant St, Jackson, MI 49202","Jackson",MI,126500,1094,65,267,25.36,26005457
49624719,"5500 McPherson Rd Unit 28, Laredo, TX 78041","Laredo",TX,154880,1294,69,326,25.29,20254202
2095975562,"Tbd Ripple Brook Dr, Bastrop, TX 78602","Bastrop",TX,140000,1298,179,293,25.12,6531824
22059986,"1607 N Beard Ave, Shawnee, OK 74804","Shawnee",OK,165000,1337,47,343,24.97,1222577
342062231,"123 Bluestem Dr, Elgin, TX 78621","Elgin",TX,202500,1927,258,420,24.92,1703349
249153705,"6155 Highway 56, Okmulgee, OK 74447","Okmulgee",OK,145000,1235,85,300,24.82,2609380
449874251,"120 S Landvale St, York Haven, PA 17370","York Haven",PA,157000,1431,199,324,24.73,PAYK2096792
2056258096,"222 Spring St, Taylorsville, MS 39168","Taylorsville",MS,179000,1450,69,367,24.57,146396
91853071,"88 Hanson Road, China, ME 04358","China",ME,397500,3250,317,813,24.54,1644487
193800794,"130 N Jab Dr, Zapata, TX 78076","Zapata",TX,350000,2907,300,716,24.53,20260051
29092350,"1119 E Cantey St, Fort Worth, TX 76104","Fort Worth",TX,154900,1402,188,316,24.49,21206973
43547723,"2144 Harbor Blvd, Pt Charlotte, FL 33952","Pt Charlotte",FL,299000,2342,89,609,24.42,2026016313
45478706,"13150 Kings Point Dr APT 15C, Fort Myers, FL 33919","Fort Myers",FL,125000,1453,107,252,24.18,2025016628
42797745,"14401 Front Beach Rd #423, Panama City Beach, FL 32413","Panama City Beach",FL,174900,1521,175,351,24.09,779059
263104,"1808 Green Acres Rd, Jacksonville, AR 72076","Jacksonville",AR,136500,1169,87,272,23.94,26010061
72829493,"2716 Forsyth Ln, Montgomery, AL 36116","Montgomery",AL,189900,1466,22,377,23.81,584802
92106207,"3609 McVay St SW, Huntsville, AL 35805","Huntsville",AL,140000,1152,48,278,23.8,21908373
19023186,"2216 Sierra Way, Weldon, CA 93283","Weldon",CA,375000,2894,142,741,23.7,2606698
2098987146,"1500 Hummingbird Ct APT 16, Pharr, TX 78577","Pharr",TX,145000,1408,272,286,23.63,479464
2101500493,"1500 Hummingbird Ct APT 5, Pharr, TX 78577","Pharr",TX,145000,1408,272,286,23.63,479438
87630687,"9902 S Thomas Dr Unit 1735, Panama City Beach, FL 32408","Panama City Beach",FL,239900,2112,282,471,23.55,773953
338197184,"132 Spanish Oak, Bandera, TX 78003","Bandera",TX,209000,1635,16,409,23.49,1864407
63686202,"642 Tulip Tree Ln, Cresco, PA 18326","Cresco",PA,295000,2687,210,577,23.46,PM-135880
19096936,"16292 19th Ave, Clearlake, CA 95422","Clearlake",CA,129000,1110,85,252,23.44,LC26070973
44126951,"1780 191st St APT 304-2, Miami, FL 33179","Miami",FL,169000,2147,179,330,23.44,A11934216
50647430,"1524 Virginia St, Lafayette, IN 47905","Lafayette",IN,145000,1267,136,280,23.18,202602676
80113729,"201 Masterson Rd APT 108, Laredo, TX 78046","Laredo",TX,109000,927,40,211,23.18,20255068
459960760,"703 Sun Land Cir, Dawson, TX 76639","Dawson",TX,180000,1562,200,343,22.86,16310990
26999587,"2512 Collingwood Dr, Farmers Branch, TX 75234","Farmers Branch",TX,220000,1895,214,418,22.79,21145252
77676681,"115 Breckenridge Loop, Lafayette, LA 70506","Lafayette",LA,275000,2300,225,522,22.77,2500000218
28803470,"1218 Stratton Dr, Corpus Christi, TX 78412","Corpus Christi",TX,199000,1756,267,377,22.74,466057
88295895,"2039 Ewald Cir, Detroit, MI 48238","Detroit",MI,119900,1017,61,227,22.67,20251055154
79189520,"530 Sterling St, Norfolk, VA 23505","Norfolk",VA,282282,2406,310,532,22.62,10625326
42197125,"3271 Seminole Rd, Memphis, TN 38111","Memphis",TN,109500,954,69,206,22.54,10215693
52087021,"2912 Edmond Ave, Waco, TX 76707","Waco",TX,175000,1478,157,325,22.29,21136577
81787158,"2400 Grandiflora Blvd Unit E407, Panama City Beach, FL 32408","Panama City Beach",FL,350000,2716,179,646,22.14,770861
81493887,"1501 Lafayette St, Valparaiso, IN 46383","Valparaiso",IN,230000,2222,488,423,22.05,836398
2098987141,"1500 Hummingbird Ct APT 20, Pharr, TX 78577","Pharr",TX,147500,1408,277,269,21.87,479466
348685112,"103 Big Bear Trl, Fawnskin, CA 92333","Fawnskin",CA,485000,3884,457,884,21.87,32600497
23789907,"444 Pleasant St SW, Grand Rapids, MI 49503","Grand Rapids",MI,231700,2437,482,420,21.77,25042850
82083410,"3000 Maingate Ln #506, Kissimmee, FL 34747","Kissimmee",FL,67000,1128,83,121,21.69,S5142491
52774148,"323 E 3rd St, San Juan, TX 78589","San Juan",TX,145000,1220,108,262,21.66,488697
48206687,"3676 SW 3rd St, Corvallis, OR 97333","Corvallis",OR,479900,3673,294,860,21.51,832379
75288046,"824 Calle Escondido, Eagle Pass, TX 78852","Eagle Pass",TX,199000,1493,25,356,21.5,79669
50337141,"5149 32nd St, Groves, TX 77619","Groves",TX,175000,1551,244,311,21.34,266659
102511019,"237 Charles Rd., Marion, SC 29571","Marion",SC,129900,1051,43,231,21.33,2601105
60522084,"81 Main St, Yorkana, PA 17406","Yorkana",PA,185000,1660,289,327,21.21,PAYK2097140
457736026,"1009 Nicklaus Dr #1009, Suffolk, VA 23435","Suffolk",VA,235000,2248,188,410,20.92,10607872
89485252,"2 Father Jogues Place, Ticonderoga, NY 12883","Ticonderoga",NY,149900,1324,189,261,20.91,202610381
72449648,"896 Orphanage Ave, Memphis, TN 38107","Memphis",TN,200000,1609,96,347,20.83,10212502
42346296,"4999 Tradewind Ter, Memphis, TN 38118","Memphis",TN,174900,1445,147,303,20.81,10214374
45903956,"14342 SE 45th Ct, Summerfield, FL 34491","Summerfield",FL,299900,2341,172,520,20.79,P4937617
2053556608,"8360 Chappell Hl, Beaumont, TX 77713","Beaumont",TX,485000,4114,732,839,20.76,263872
27494002,"9147 Mount Etna Dr, El Paso, TX 79924","El Paso",TX,176994,1397,88,304,20.58,926203
40794283,"2507 Hendon Rd, Soddy Daisy, TN 37379","Soddy Daisy",TN,231000,1786,78,392,20.39,1528378
369688,"5205 Highway 35, Benton, AR 72015","Benton",AR,149900,1174,46,254,20.35,26013364
42227520,"2104 Alta Vista Ave, Memphis, TN 38127","Memphis",TN,119900,1002,70,202,20.25,10214386
458783208,"680-550 Butte Creek Rd, Adin, CA 96006","Adin",CA,257000,2093,218,433,20.21,2906702
53658514,"1929 McGougan Rd, Fayetteville, NC 28303","Fayetteville",NC,149000,1322,201,251,20.21,756031
2098987142,"1500 Hummingbird Ct APT 21, Pharr, TX 78577","Pharr",TX,150000,1408,281,252,20.16,479469
2098987149,"1500 Hummingbird Ct APT 15, Pharr, TX 78577","Pharr",TX,150000,1408,281,252,20.16,479461
2098997284,"1500 Hummingbird Ct APT 10, Pharr, TX 78577","Pharr",TX,150000,1408,281,252,20.16,479450
2098997362,"1500 Hummingbird Ct APT 9, Pharr, TX 78577","Pharr",TX,150000,1408,281,252,20.16,479449
2101500490,"1500 Hummingbird Ct APT 7, Pharr, TX 78577","Pharr",TX,150000,1408,281,252,20.16,479446
2101500492,"1500 Hummingbird Ct APT 4, Pharr, TX 78577","Pharr",TX,150000,1408,281,252,20.16,479435
52093702,"3500 N 21st St, Waco, TX 76708","Waco",TX,160000,1555,364,268,20.14,21229283
74437803,"367 Bridgewater Dr, Newport News, VA 23603","Newport News",VA,187950,1895,223,315,20.1,10616630
78896062,"1628 Hamlin Ave, Wichita Falls, TX 76301","Wichita Falls",TX,105000,959,127,175,19.95,178588
26132650,"2236 Schley, San Antonio, TX 78210","San Antonio",TX,139000,1296,244,230,19.89,1877898
78828998,"1908 Division St, Greenville, TX 75401","Greenville",TX,151900,1287,152,251,19.85,21148036
14964157,"3106 Truxton Road, Augusta, GA 30906","Augusta",GA,179997,1444,127,298,19.84,543576
90143312,"16634 S Diego Rd, Yucca, AZ 86438","Yucca",AZ,199000,1456,16,329,19.82,1040189
453183073,"117 Wrench Ln, Bainbridge, NY 13733","Bainbridge",NY,159500,1501,318,263,19.77,R1613747
456949702,"255 Fair Ave, Marenisco, MI 49947","Marenisco",MI,199000,1686,247,327,19.75,NS1086068
76106209,"705 W Washington Ave, Jonesboro, AR 72401","Jonesboro",AR,146900,1159,58,241,19.72,10128796
447321724,"2756 Gresham Rd SE, Atlanta, GA 30316","Atlanta",GA,280000,2239,229,458,19.61,7709826
461021964,"1133 Wisteria Dr #1, Tuscaloosa, AL 35405","Tuscaloosa",AL,214900,1702,63,351,19.6,173937
58164865,"706 Sapphire Ct, Inman, SC 29349","Inman",SC,225000,1700,46,367,19.58,1585711
70042729,"797 Gabbettville Rd, Lagrange, GA 30240","Lagrange",GA,219900,1848,227,359,19.58,10727982
297545,"601 W 51st St, N Little Rock, AR 72118","N Little Rock",AR,119300,964,43,194,19.56,26012983
48386163,"1566 Laura St, Springfield, OR 97477","Springfield",OR,299900,2178,41,488,19.54,417429576
521556,"1467 Ridge Pl SE, Washington, DC 20020","Washington",DC,299900,3374,1237,488,19.54,DCDC2248288
92076725,"4011 McVay St SW, Huntsville, AL 35805","Huntsville",AL,109900,885,25,179,19.54,21908660
42225272,"4362 Suncrest Dr, Memphis, TN 38127","Memphis",TN,145000,1157,71,235,19.46,10217655
67635012,"110 N Hillside St, Red Oak, TX 75154","Red Oak",TX,229900,1953,271,371,19.35,21200693
457730328,"903 Parkview Pl #A & B, Gulfport, MS 39507","Gulfport",MS,198000,1543,119,318,19.25,4129833
55112382,"1529 Via Della Scala, Henderson, NV 89052","Henderson",NV,499000,4045,504,793,19.06,2768267
42797694,"14401 Front Beach Rd Unit 308, Panama City Beach, FL 32413","Panama City Beach",FL,174900,1447,175,277,19.01,779056
43490491,"2808 Forest Dr, Melbourne, FL 32901","Melbourne",FL,299000,2364,246,473,19,1069553
102893817,"8577 N 1175 E, Walkerton, IN 46574","Walkerton",IN,170000,1286,48,267,18.84,834147
54926615,"25806 Cockleshell Dr #314, Bonita Springs, FL 34135","Bonita Springs",FL,225000,2234,46,351,18.7,2025012731
17491012,"7421 Bannock Trl, Yucca Valley, CA 92284","Yucca Valley",CA,229900,1881,212,358,18.69,219141974DA
276774,"510 Gordon St, North Little Rock, AR 72117","North Little Rock",AR,150000,1154,46,233,18.68,26006639
380065,"21 Delavega Cir, Hot Springs Village, AR 71909","Hot Springs Village",AR,262000,2244,255,407,18.65,26011928
448859862,"276 E Broadway St S #3, Salt Lake City, UT 84111","Salt Lake City",UT,169000,1586,69,262,18.64,2131445
28829906,"224 Spruce St, Corpus Christi, TX 78408","Corpus Christi",TX,235000,1705,6,364,18.59,471533
441489914,"56 Pine Trak Unit 101E, Ocala, FL 34472","Ocala",FL,121900,1297,165,188,18.56,TB8382044
50717287,"1008 Tangerine, La feria, TX 78559","La feria",TX,145000,1214,124,223,18.45,494442
125322973,"3147 Lake Lane Rd, Napier, WV 26631","Napier",WV,240000,1811,84,368,18.39,10163768
460547070,"10232 Regal Oaks Dr #32B, Dallas, TX 75230","Dallas",TX,129500,1154,180,198,18.36,21181854
31586850,"7900 New Floyd Rd, Rome, NY 13440","Rome",NY,299900,2290,184,457,18.28,S1516352
116514225,"123 S 4th St, Bearcreek, MT 59007","Bearcreek",MT,254900,1861,42,387,18.22,355768
73828566,"440 Vallette St, New Orleans, LA 70114","New Orleans",LA,425000,3188,290,645,18.21,2550546
47305608,"348 Gordon Ave, Lake Wales, FL 33859","Lake Wales",FL,199900,1509,90,303,18.19,P4937240
75247541,"1002 Left Bank Dr, Florence, SC 29501","Florence",SC,325000,2361,101,490,18.09,2601025
43941058,"5851 W 20th Ave APT 409, Hialeah, FL 33012","Hialeah",FL,330000,3066,322,496,18.04,A11940685
52768688,"707 E Plaza St, Weslaco, TX 78596","Weslaco",TX,74000,766,148,110,17.89,486929
47297796,"326 Nesbitt Park Ave, Davenport, FL 33897","Davenport",FL,197600,1551,83,293,17.8,O6392181
202684833,"600 E 5th St, Ferris, TX 75125","Ferris",TX,229900,1932,282,340,17.73,21207822
78826579,"1806 Wellington St, Greenville, TX 75401","Greenville",TX,159800,1477,320,235,17.65,21149888
28790284,"217 E Brundrett Ave, Port Aransas, TX 78373","Port Aransas",TX,525000,4379,772,771,17.62,440277
50789862,"1412 Dartmouth St, Longview, TX 75601","Longview",TX,239900,1740,29,352,17.62,20262979
26254638,"422 Ellana Claire, San Antonio, TX 78225","San Antonio",TX,175000,1642,391,255,17.49,1926203
442341341,"13819 N 34th Ln, McAllen, TX 78504","McAllen",TX,449000,3539,516,654,17.47,502792
47014742,"280 41st Ave, Saint Pete Beach, FL 33706","Saint Pete Beach",FL,740000,5088,136,1077,17.47,TB8443855
47079403,"2491 Coronado Way, Dunedin, FL 34698","Dunedin",FL,474000,3261,81,690,17.47,O6347300
243009307,"50 N Duncan Hill Ln, Taylorsville, NC 28681","Taylorsville",NC,189500,1389,48,276,17.45,4325792
2105790924,"2040 E Maple Ave, Flint, MI 48507","Flint",MI,249900,2061,292,362,17.39,20250031572
2130563648,"2017 Governor Nicholls St, New Orleans, LA 70116","New Orleans",LA,344000,2664,310,492,17.18,2548684
21872863,"1616 SW 62nd St, Oklahoma City, OK 73159","Oklahoma City",OK,225000,1781,172,322,17.18,1216774
28829911,"211 Spruce St, Corpus Christi, TX 78408","Corpus Christi",TX,235000,1706,36,334,17.08,471538
2093689813,"66569 Gallatin Rd, Gallatin Gateway, MT 59730","Gallatin Gateway",MT,299000,2226,157,424,17.03,410025
28829905,"220 Spruce St, Corpus Christi, TX 78408","Corpus Christi",TX,235000,1706,38,333,17,471537
108841356,"13212 Mile 16 N, Edinburg, TX 78542","Edinburg",TX,205000,1605,124,290,16.98,498254
37704802,"731 N Westover Dr, Salisbury, MD 21801","Salisbury",MD,135000,1018,25,190,16.93,MDWC2014432
50397172,"3670 Holland Dr, Beaumont, TX 77707","Beaumont",TX,170040,1440,229,239,16.89,263762
28850745,"5022 Kasper St, Corpus Christi, TX 78415","Corpus Christi",TX,130000,1156,196,182,16.82,474452
92142404,"1211 Baltimore Hill Rd NE, Huntsville, AL 35810","Huntsville",AL,160000,1170,23,224,16.81,21909927
6967131,"928 Rockview Dr Unit 101, Las Vegas, NV 89128","Las Vegas",NV,215000,1595,57,299,16.68,2769731
109811988,"3120 Stockwell Rd, Bossier City, LA 71111","Bossier City",LA,206500,1688,204,287,16.66,21174208
45433227,"6049 Perthshire Ln, Fort Myers, FL 33908","Fort Myers",FL,485000,3588,356,668,16.54,2025003765
460900076,"1907 Isleta Blvd SW Unit 7, Albuquerque, NM 87105","Albuquerque",NM,284900,2172,204,391,16.48,1099392
26717138,"2522 W Clarendon Dr, Dallas, TX 75211","Dallas",TX,274900,2313,408,376,16.43,21146415
99433885,"82 McKenzie Ln, Lonoke, AR 72142","Lonoke",AR,120000,942,49,164,16.37,26009989
148980848,"1530 Rousselin Dr, New Orleans, LA 70119","New Orleans",LA,169900,1296,94,231,16.31,2547262
27026805,"1425 W Walnut St, Garland, TX 75042","Garland",TX,275000,1913,11,374,16.3,21203972
42331895,"7565 Wintergreen Ln, Cordova, TN 38018","Cordova",TN,350000,2581,190,473,16.23,10212949
46156088,"1214 N Pine Hills Rd, Orlando, FL 32808","Orlando",FL,440000,3287,367,595,16.21,O6379821
63560630,"132 Sloughside Dr, Adger, AL 35006","Adger",AL,149900,1111,35,202,16.14,21441752
54101290,"4309 31st St, Lubbock, TX 79410","Lubbock",TX,144950,1281,237,194,16.06,202604484
126698211,"39 Vail Ave #109, Angel Fire, NM 87710","Angel Fire",NM,279000,2286,112,371,15.95,114431
87633509,"9902 S Thomas Dr Unit 837, Panama City Beach, FL 32408","Panama City Beach",FL,269900,2112,250,358,15.91,788077
73584804,"4410 Tara Gale Ct, Louisville, KY 40216","Louisville",KY,235000,1815,169,311,15.86,1713802
27013396,"2045 Delmar Dr, Garland, TX 75041","Garland",TX,275000,1988,100,360,15.69,21162764
2067855888,"Lot#58 Twin Oaks Mountain Boulevard, Sparta, NC 28675","Sparta",NC,92500,839,46,121,15.68,260956
23617413,"3121 Bennett Drive, Bellingham, WA 98225","Bellingham",WA,325000,2409,216,423,15.62,2485672
337151181,"4507 W Rogers Rd, Edinburg, TX 78541","Edinburg",TX,375000,2824,324,488,15.62,494300
47379224,"2119 W Patterson St, Lakeland, FL 33815","Lakeland",FL,235000,1727,89,303,15.45,P4935554
458055488,"3321 E Alexa St, Edinburg, TX 78542","Edinburg",TX,260000,1906,116,334,15.42,498043
444262255,"0 TBD High Country Drive W, Tonasket, WA 98855","Tonasket",WA,325000,2395,209,416,15.37,2472151
42942756,"3221 NE 8th St APT 103, Pompano Beach, FL 33062","Pompano Beach",FL,314000,3109,337,402,15.36,A11956246
97557134,"845 Tee, Spring Branch, TX 78070","Spring Branch",TX,259638,1834,48,331,15.31,1931119
193856158,"715 Walnut, Jourdanton, TX 78026","Jourdanton",TX,245000,1740,44,312,15.3,1939985
21999468,"3028 Chetwood Dr, Del City, OK 73115","Del City",OK,169000,1263,82,215,15.25,1211692
54085983,"3513 45th St, Lubbock, TX 79413","Lubbock",TX,399900,3185,545,508,15.23,202601242
44519264,"1045 E 11TH Street, Jacksonville, FL 32206","Jacksonville",FL,129000,1017,80,163,15.21,2093956
49664190,"513 Highland Ave SE, Roanoke, VA 24013","Roanoke",VA,195000,1411,72,247,15.21,925483
2054322354,"4743 Jennmar Way #56, New Pt Richey, FL 34652","New Pt Richey",FL,139000,1278,200,176,15.2,U8239487
110889698,"36766 Longleaf Dr, Independence, LA 70443","Independence",LA,175000,1267,50,221,15.18,2544381
55353184,"501 S Ocean Blvd. #1104, North Myrtle Beach, SC 29582","North Myrtle Beach",SC,504900,4910,336,633,15.04,2411231
219635203,"2490 State Highway 30a, Fonda, NY 12068","Fonda",NY,165000,1155,2,206,15,202526279